{"cameraMode":{"drawMode":0,"name":"Shaded","section":"Shading Mode"},"sceneLighting":false,"audioPlay":false,"sceneViewState":{"showFog":true,"showMaterialUpdate":false,"showSkybox":false,"showFlares":true,"showImageEffects":true,"showParticleSystems":true},"in2DMode":false,"pivot":{"x":-0.07464882731437683,"y":1.222945213317871,"z":-4.821115493774414},"rotation":{"x":0.20456349849700929,"y":0.6838165521621704,"z":-0.2092822939157486,"w":0.6683985590934753},"size":10.115060806274414,"orthographic":false}