{"cameraMode":{"drawMode":0,"name":"Shaded","section":"Shading Mode"},"sceneLighting":false,"audioPlay":false,"sceneViewState":{"showFog":true,"showMaterialUpdate":false,"showSkybox":false,"showFlares":true,"showImageEffects":true,"showParticleSystems":true},"in2DMode":false,"pivot":{"x":2.226163148880005,"y":-3.003416061401367,"z":3.875720262527466},"rotation":{"x":0.1809849590063095,"y":0.3111148178577423,"z":-0.06047910079360008,"w":0.9310182332992554},"size":22.616147994995118,"orthographic":true}